year,forecast_cost_INR_millions
2025,2224.761904761923
2026,2296.3154761904734
2027,2367.869047619053
2028,2439.422619047633
2029,2510.9761904761835
2030,2582.5297619047633
2031,2654.083333333343
2032,2725.636904761923
2033,2797.1904761904734
2034,2868.744047619053
