year,forecast_INR_millions
2025,2108.3333333333335
2026,2108.3333333333335
2027,2108.3333333333335
